Keyword,Link,Description
Plantbased,https://www.quora.com/What-is-a-plant-based-diet-1,A plant based diet is one where a person eats plants. Sounds simple? It is a diet of fruits and vegetables. Another way to look at it is a diet with no ... · 1 vote: I choose to focus on whole food plant based eating because there are all sorts of highly processed ...
Plantbased,https://www.mdanderson.org/publications/focused-on-health/5-benefits-of-a-plant-based-diet.h20-1592991.html,
Plantbased,https://www.health.harvard.edu/blog/plant-based-diets-are-best-or-are-they-2019103118122,
Plantbased,https://www.ncbi.nlm.nih.gov/pmc/articles/PMC3662288/,
Plantbased,https://www.piedmont.org/living-better/the-difference-between-a-vegan-and-a-plant-based-diet,
Plantbased,https://www.quora.com/What-are-the-benefits-of-a-plant-based-diet,"· 1 vote: Poor cardiovascular health.

Vegan diets are often high in sugar and carbohydrates which ..."
Plantbased,https://www.quora.com/What-are-plant-based-foods,· 2 votes: Healthy foods and eating habits that suit your lifestyle might ensure that your heart stays ...
Plantbased,https://www.quora.com/Why-are-companies-using-the-word-plant-based-instead-of-just-saying-vegan,· Top answer: I have read some of the answers and I respectfully disagree with most of them. I feel like ...
Plantbased,https://www.quora.com/What-is-the-difference-between-plant-based-and-vegan-1,A plant based diet can include products that come from animals such as cheese and similar products. For most people you eat plant based diets the key is ...
Plantbased,https://www.quora.com/What-are-the-long-term-effects-of-plant-based-mostly-plant-based-nutrition,I can only tell you what I have seen in my experience at eating mostly plant based over the past 4 years. When I say “mostly” I mean this. I eat fish 0–3 times ... · 14 votes: I can’t answer what the extremely long term effects of a plant based diet are. I can only ...
Plantbased,https://www.quora.com/Which-is-better-for-your-health-a-plant-based-diet-or-an-animal-based-diet,"· 7 votes: Just for definition purposes here, “plant-based” does not mean vegetarian or vegan. It ..."
Plantbased,https://www.quora.com/What-is-the-difference-between-veganism-and-a-whole-food-plant-based-diet,"Both diets do not include animal products (if a “whole food plant based diet” includes animal products, it's an 80/20 or 90/10 version - 80% plants, ... · 5 votes: Definition of “veganism.”

""A philosophy and way of living which seeks to exclude—as far ..."
Plantbased,https://www.quora.com/How-much-protein-do-I-need-a-day-on-a-plant-based-diet,"· 1 vote: Kathleen's answer is correct. I'd only add that it is incorrect to ""only"" worry about protein. ..."
Plantbased,https://www.quora.com/What-are-the-long-term-effects-of-a-plant-based-diet,"· 1 vote: If it’s a good (i.e., nutritionally complete) diet, the long-term effects are quite positive. ..."
Crypto Currency,https://www.quora.com/What-is-the-concept-of-cryptocurrency,What is a cryptocurrency? It is a digital currency in which code based on cryptography controls the generation of units of currency and verification of ...
Crypto Currency,https://www.quora.com/What-is-the-best-cryptocurrency-to-invest-in-right-now,"A cryptocurrency, highly defined, is virtual or digital money that takes the form of tokens or “coins.” While some cryptocurrencies have ventured into the ... · 774 votes: Best Cryptocurrency Stocks To Invest In Right Now

Instead of investing in cryptocurrency directly, ..."
Crypto Currency,https://www.quora.com/What-is-crypto-currency-Can-we-earn-money-from-it,"Crypto currency is money in a Digital form, you normally buy coins which is a digital code, you can aliken it to writing a cheque, instead of a piece of ..."
Crypto Currency,https://www.quora.com/What-are-cryptocurrencies,"A cryptocurrency is a digital or virtual currency that is secured by cryptography, ... Cryptocurrency is decentralized digital money, supported blockchain ..."
Crypto Currency,https://www.quora.com/How-do-I-buy-cryptocurrency-in-Pakistan,"CoinSwitch is worlds first cryptocurrency and altcoin exchange aggregator. They have aggregated many leading exchanges like Bittrex, Cryptopia, ShapeShift, ... · 8 votes: WHERE CAN I BUY DOGECOIN WITH MY CREDIT/DEBIT CARD?

May 4, 2021

Where Can I Buy ..."
Crypto Currency,https://www.quora.com/What-is-cryptocurrency-and-bitcoin-And-how-does-it-work-to-make-money,"A cryptocurrency or crypto is a digital currency and you can think of it as a digital dollar or digital INR as instead of paper money, it uses an online ... · 6,705 votes: A cryptocurrency [ https://dcxlearn.com/blockchain/what-is-blockchain-what-is-cryptocurrency-2/#Cryp ..."
Crypto Currency,https://www.quora.com/Should-I-invest-in-crypto-currencies,"Originally Answered: Why invest in Crypto Currency? Investing in cryptocurrency could be a good investment, or it could not. That is true for cryptocurrency ... · 113 votes: For me, the primary reasons to trade and invest in the crypto space are (1) wealth building ..."
Crypto Currency,https://www.quora.com/What-is-the-best-cryptocurrency,"Supports variety of cryptocurrency like Bitcoin, Ethereum, Bitcoin Cash, Litecoin and other Altcoin. I find that it has a really nice UI and support. NOTE: I r. · 47 votes: There is a lot of subjectivity to this question. What criteria are you using to determine ..."
Crypto Currency,https://www.quora.com/Is-it-worth-starting-a-crypto-currency-exchange,"So, yes the crypto world is the best place. Here are some of the benefits of developing a cryptocurrency/ bitcoin exchange: • Decentralization and the. · Top answer: No, I don’t know you but I know that only 2 of the many, many, MANY exchanges have been ..."
Crypto Currency,https://www.quora.com/Who-uses-crypto-currencies-Why,"The overwhelming majority of cryptocurrency users today are, in order or precedence: * People using cryptocurrencies like Bitcoin to render secondary market ... · 33 votes: Take a difficult situation like the earthquake that occurred in Nepal a few years ago or the ..."
Fake News,https://www.quora.com/Why-is-there-so-much-fake-news-all-of-a-sudden,
Fake News,https://www.quora.com/How-serious-is-the-fake-news-problem-on-social-media,
Fake News,https://www.quora.com/What-is-the-future-of-journalism-now-that-fake-news-is-here,
Fake News,https://www.quora.com/What-are-some-examples-of-fake-news,"Many of the answers to this question so far, like the answer by Quora User, are not fake news. Fake news is not slanted news. Fake news is not biased news."
Fake News,https://www.quora.com/Why-is-it-important-for-newspapers-to-fight-fake-news,
Fake News,https://www.quora.com/How-should-we-deal-with-fake-news,Individually: Focus on your community and your circle of influence. That's all you can change anyway. News frightens us because scary stories sell.
Fake News,https://www.quora.com/What-is-the-difference-between-fake-news-and-disinformation-How-we-can-differentiate-between-the-two,
Fake News,https://www.quora.com/What-is-the-biggest-piece-of-fake-news-that-was-once-a-common-belief,
Fake News,https://www.quora.com/Who-benefits-from-fake-news,"Fake newspapers, those who support fake news papers, such as a minority ultra rich controlling scofflaws, politicians who support fake news against their ..."
Fake News,https://www.quora.com/What-are-the-benefits-of-fake-news-for-those-who-give%E2%80%8B-it,Money. Oh sure there are fabricated stories distributed as political dirty tricks or other kinds of propaganda but the fake news sites who came up as an ...
Solar Energy,https://www.quora.com/How-is-solar-energy-converted-into-light-energy,"Solar power is arguably the cleanest, most reliable form of renewable energy available, and it can be used in several forms to help power your home or ..."
Solar Energy,https://www.greenmatch.co.uk/blog/2014/08/5-advantages-and-5-disadvantages-of-solar-energy,
Solar Energy,https://www.sepco-solarlighting.com/blog/solar-power-advantages-and-disadvantages,
Solar Energy,https://www.cleanenergyauthority.com/solar-energy-resources/3-types-of-residential-solar-electric-power-systems,
Solar Energy,https://www.trvst.world/renewable-energy/different-types-of-solar-energy/,
Solar Energy,https://www.quora.com/What-is-solar-energy-and-how-does-it-work,"Solar energy is radiant light and heat from the Sun harnessed using a range of ever-evolving technologies such as solar heating, photovoltaics, solar thermal ... · Top answer: Thanks for A2A.

By virtue of its exposure to sun, earth's surface receives a large spectrum ..."
Solar Energy,https://www.quora.com/Can-you-briefly-describe-how-electricity-is-generated-from-solar-energy,We can utilize Solar Energy to generate Electricity using the following two methods: 1. Using the Light of Sun (Solar PV) 2. Using the Heat from Sun (Solar ... · 3 votes: Nice to see it…young boy looking at solar. How this system is generating electricity ⚡️ ...
Solar Energy,https://www.quora.com/Is-solar-energy-better-than-electrical-energy,"Solar electricity, has an additional STORAGE problem. It needs to efficiently store the accumulated energy as the Sun does not shine at night-time. Baseload ... · 1 vote: Coal fired and solar PV electricity are absolutely identical. The way it is produced is ..."
Solar Energy,https://www.quora.com/What-are-pros-and-cons-of-solar-energy,Solar energy is energy from the sun in the form of light and heat and the full spectrum of electromagnetic waves (visible light is just the waves that we can ... · 9 votes: I am going to focus on some disadvantages of residential rooftop solar that have prevented ...
Solar Energy,https://www.quora.com/What-are-the-forms-of-solar-energy,Concentrated Solar Power (CSP) - using mirrors to heat up a substance (sometimes salt) and convert the heat into mechanical energy and then electrical energy ( ... · 1 vote: I don’t know whether you mean the source of solar energy - mostly fusion of hydrogen to helium. ...
Solar Energy,https://www.quora.com/I-am-from-Pakistan-and-want-to-start-a-solar-energy-business-with-zero-knowledge-Can-one-provide-help-in-this-regard,"equipment manufacturer/ supplier etc. Meaning that you open a factory to manufacture the equipment used in Solar Energy business such as PV panel, inverter, ... · Top answer: The scope of solar energy business is fairly wide. I categorized it into three main group. ..."
Solar Energy,https://www.quora.com/What-is-the-use-of-solar-energy?top_ans=304163706,now super high efficiency modules available in the market and it has potential to light your home 24*7 and save electricity bills upto 0. solar energy don't ... · 2 votes: Solar energy is known for many years and also have been used in satellite but now time has ...
Solar Energy,https://www.quora.com/What-are-the-effects-of-using-solar-energy,"True, a solar panel sitting in the sunlight (or a windmill in a breeze) makes electricity without pollution or creating CO2. But solar power is diffuse ... · 1 vote: Global warming, period from 1850 to 2017.

Solar system yield Two benefits for earthlians.
 ..."
Jeff Bezos,https://www.quora.com/Jeff-Bezos-is-worth-150-billion-How-did-he-get-so-rich,"· Top answer: One word: Shares

Jeff owns roughly 17% of Amazon due to the 81 Million shares he has ..."
Jeff Bezos,https://www.quora.com/Does-Jeff-Bezos-own-Google,"Who is Jeff? Entrepreneur and e-commerce king Jeff Bezos owns and is the founder of (and CEO of) Amazon, the largest online (and frankly, largest in-person ..."
Jeff Bezos,https://www.quora.com/Was-Jeff-Bezos-born-into-a-wealthy-family,"Is this what you were looking for? Amazon's Jeff Bezos honors Cuban dad's journey to U.S. in social media videos By JOHNNY DIAZ SOUTH FLORIDA SUN SENTINEL ... · 3,582 votes: His father was a businessman.

His parents gave him 250,000 dollars to start Amazon.

He quit ..."
Jeff Bezos,https://www.quora.com/What-are-Jeff-Bezos%E2%80%99-secrets-to-success,"Since then, Jeff Bezos has always held to his ideals, which has enabled him to become the richest man in the world. · 5 votes: 1. Relentless customer focus.
2. Create generic internal systems so they can become products. ..."
Jeff Bezos,https://www.quora.com/How-did-Jeff-Bezos-become-a-billionaire-in-4-years,
Jeff Bezos,https://www.quora.com/What-are-the-less-known-facts-about-Jeff-Bezos,"Here are some lesser known facts about Amazon founder and world's richest man Jeff Bezos. 1.His birth name isn't Jeff Bezos — it's Jeffrey Preston Jorgenson ... · 31 votes: Once someone asked Jeff Bezos,

%3E “Sir, your competitor Flipkart is giving out heavy discounts ..."
Jeff Bezos,https://www.quora.com/Which-one-is-richer-Jeff-Bezos-or-Jack-Ma,"and Jeff Bezos is surpass what Bill Gates wealth ever achieve, become the first person in the world since Rockefeller to gain wealth more than 100 bilion US ... · 3 votes: Both is the richest man in the 2 largest economics power in the world, one in United States ..."
Jeff Bezos,https://www.quora.com/What-are-the-best-stories-about-people-randomly-meeting-Jeff-Bezos,"Jeff Bezos. Men (and many women) reading this will know the ""code of silence"" rule in public restrooms (especially when it comes to urinal neighbors), ... · 1,153 votes: I interned at Amazon in the summer of 2004. At that time, Amazon used to have an internal ..."
Jeff Bezos,https://www.quora.com/Why-does-Jeff-Bezos-only-own-16-of-Amazon,"Originally, Jeff Bezos was to own 100% of Amazon's shares. As Amazon grew, he was able to bring other shareholders into Amazon to raise funds to finance ..."
Tech Scalpers,https://www.quora.com/If-HFT-is-high-tech-scalping-is-it-possible-to-work-for-HFTs-satisfied-with-your-contribution-to-society,"HFT is not ""high-tech scalping"". I would actually call it high-tech anti-scalping"". Let me give you and example with ticket scalping."
Tech Scalpers,https://www.quora.com/What-do-you-find-to-be-the-best-technical-indicator-for-scalpers-in-the-Forex-market,"What do you find to be the best technical indicator for scalpers in the Forex market? 2 Answers ... What is the best approach to scan stocks for scalping? · 1 vote: I firmly believe, and will until I am proven wrong. a good trading system will work on ..."
Tech Scalpers,https://www.quora.com/Recently-I-bought-a-PS5-from-a-scalper-to-get-for-a-good-friend-for-Christmas-It-was-twice-the-price-but-Ive-saved-up-recently-and-I-wanted-to-make-sure-that-my-friend-got-it-he-doesnt-have-enough-money-to-buy-it,"By purchasing the console from the scalper you encourage them to continue scalpi... ... Ryan Pottorff. , Video Game/Tech enthusiast. · Top answer: No it wasn’t.

That’s a great thing you did for your friend. You must really love him. And ..."
Tech Scalpers,https://www.quora.com/What-is-scalping,"Scalping is a trading strategy in which traders profit off small price changes for a stock. Scalping relies on technical analysis, such as candlestick charts ... · 2 votes: Scalping is a way of making money that minimizes losses (and profits) by placing orders, ..."
Tech Scalpers,https://www.quora.com/Is-scalping-stocks-relatively-easy-given-there-is-a-very-high-chance-that-the-price-you-bought-the-stock-at-is-not-the-highest-price-it-will-reach-that-day,I do a form of reverse scalping in stock trading where I go long on my shares of NFLX and sell at ... Founder of Remi Technologies - We Build Trading Algos. · 2 votes: Nothing is easy. Things that look easy are typically done by someone who is an expert in what ...
Tech Scalpers,https://www.quora.com/What-are-the-best-technical-indicators-for-scalping,"What are the best technical indicators for scalping? NONE. HEY GET A CLUE there is NO SUCH THING as scalping unless you're an algorithm, are you? · 1 vote: I would recommend you to go for the MACD and SMA indicator. Both these indicators help ..."
Tech Scalpers,https://www.quora.com/Who-is-a-scalper-in-the-stock-market-What-is-scalping,"SCALPING - Scalping is a trading strategy designed to profit from small price changes, with profits ... What are the best technical indicators for scalping? · Top answer: The scalper [ https://www.investopedia.com/terms/s/scalpers.asp ]is someone who trade from ..."
Tech Scalpers,https://www.quora.com/For-scalping-which-is-better-price-action-strategy-or-following-technical-indicators,"The volume validate whether a price action was genuine or just a fake movement by the big market players. Though all the scalping technical indicators are based ... · 6 votes: Price- action, without any doubt but the price- action strategy become more powerful when ..."
Tech Scalpers,https://www.quora.com/Whats-a-GPU-scalper,GPU scalpers are a subgroup doing that with graphics cards. ... in long: a person that typically uses bots on popular tech sites to buy up a GPU/GPUs in ... · Top answer: Someone who buys as many GPUs as possible when they get released. Usually using a piece of ...
Tech Scalpers,https://www.quora.com/What-do-you-think-is-the-best-way-to-deal-with-online-scalpers,"02-Jul-2021 — It's ended up being tech battling tech, and the winner could be us ... Normally people buy tickets from scalpers because they cannot get the ... · 0 votes: This is a complex problem, but I think that one way would be to introduce artificial intelligence ..."
Chip Shortage,https://www.quora.com/Why-are-we-facing-chip-shortages,"If you mean the current shortage of chips for cars its due to a fire at the Renasas plant in Ibaragi, Japan. [Japanese chipmaker Renesas Electronics said Sunday ... · 16 votes: There’s so many reasons it’s hard to know where to start, but the biggest problem ..."
Chip Shortage,https://www.consumerreports.org/buying-a-car/global-chip-shortage-makes-it-tough-to-buy-certain-cars-a8160576456/,
Chip Shortage,https://techmonitor.ai/technology/chip-shortage-tsmc-samsung-us-uk-taiwan-automotive,
Chip Shortage,https://www.quora.com/What-caused-the-chip-shortage-in-2021,mining actually amd cpu and gpu nvidia gpu shortage started with covid 1stly as companies shut down their fabs and plants for manufacturing and when they ...
Chip Shortage,https://www.quora.com/Are-you-expecting-the-current-global-computer-chip-shortage-to-continue-well-into-2022,Gelsinger has said he expects shortages to last until 2023. Wait times for chip deliveries have continued to climb above a healthy threshold of 9-12 weeks.
Chip Shortage,https://www.quora.com/How-will-the-global-chip-shortage-be-solved,Question: Is Chinese food shortage (or at least potential one as CCP calls it) related to the coal/power shortage crisis in China? Inflation and supply chain ... · 0 votes: I don’t think it will. It will maybe pass in the fullness of time - but superman isn’t ...
Chip Shortage,https://www.quora.com/What-are-the-reasons-for-the-current-global-chip-shortage,
Chip Shortage,https://www.quora.com/A-global-chip-shortage-is-continuing-to-wreak-havoc-up-and-down-supply-chains-in-the-auto-industry-How-is-Tesla-overcoming-the-global-chip-shortages,A global chip shortage is continuing to wreak havoc up and down supply chains in the auto industry. How is Tesla overcoming the global chip shortages? · 1 vote: Every company including Tesla wants the market to know that they are coping well with ...
Chip Shortage,https://www.quora.com/Will-chip-shortage-end-in-2023,The semiconductor shortage freaked out manufacturers who rely on them to the point where they're either starting their own facilities to manufacture them or ... · 0 votes: We have no way to accurately predict this at this time. Right now thats the best estimate we ...
Chip Shortage,https://www.quora.com/Why-is-the-current-chip-shortage-in-2021-so-hard-to-overcome,The main reason it is becoming difficult to overcome the global chip shortage is the increasing demand for chips. Chips are an integral component in ...
Chip Shortage,https://everythingeconomics.quora.com/What-will-happen-as-the-world-faces-chip-shortage,"When the pandemic struck, a lot of chip users cut their advance orders massively, expecting a downturn in demand. The chip manufacturers accordingly cut ..."
Chip Shortage,https://www.quora.com/Which-company-is-responsible-for-chip-shortage,The pandemic has made supply chains and production of raw ingredients/resources needed to make chips slow down. · Big chip Fabs (manufacturers) particularly TSMC ... · 1 vote: There is no ONE company that is responsible for the chip shortage. The shortage is a much ...
Age of Empires 4,https://www.quora.com/Will-there-be-an-Age-of-Empires-4,The Age of Empires game is based on true history from different time periods. Age of Empires 1 is based on very early history around 100 BC-700 AD.
Age of Empires 4,https://www.quora.com/When-is-Age-of-Empires-4-releasing,"A series of games were released, e.g. Age of Empires Online, a multiplayer only, freemium game for PC users. Also, there is ""Age of Empires: Castle Siege"", ... · 38 votes: The Age of Empires series went in to new directions after the release of part 3. The developer ..."
Age of Empires 4,https://www.quora.com/Which-civilizations-will-most-likely-be-in-Age-of-Empires-4,
Age of Empires 4,https://www.quora.com/What-ever-happened-to-the-Age-of-Empires-franchise,"Age of Empires is doing quite well for a game that is more than a decade old. ... Update: Relic Entertainment is currently developing Age of Empires 4. · 26 votes: It’s 2017 and expansions continue to come out.

The lead designer on Age of Empires ..."
Age of Empires 4,https://www.quora.com/Why-is-Age-of-Empires-so-hard,"Answered 4 years ago. Yes, I can understand your feelings towards the game. I think you meant why is Age of Empires so hard to understand and play compared ..."
Age of Empires 4,https://videogaming.quora.com/Where-can-I-purchase-Age-of-Empires-4,
Age of Empires 4,https://www.quora.com/What-PC-games-could-you-recommend-like-Age-of-Empires,"Casual Gamer and All-Round Tech Enthusiast. Answered 4 years ago · Author has 115 answers and 314.9K answer views. I'm assuming you've played AoE 1,2 and 3."
Age of Empires 4,https://www.quora.com/Where-can-I-learn-how-to-play-Age-of-Empires,"Played over 8,000 hours of Age of Empires II. Answered 4 years ago · Author has 106 answers and 189.9K answer views. Thank you for showing AoE2 interest. · 1 vote: If you install the game and play the first campaign (William Wallace) it is a step by step ..."
Age of Empires 4,https://www.quora.com/What-are-the-best-of-Age-of-Empires,"I think in the AOE community you will find the majority of people will say AOE2 is ... Answered 4 years ago · Author has 90 answers and 87.3K answer views. · Top answer: This is a tough question, for me they are all better then the previous for varying reasons. ..."
Age of Empires 4,https://www.quora.com/Which-version-of-the-game-Age-of-Empires-is-the-best,", I have been playing video games since I was 5. Answered 4 years ago · Author has 416 answers and 687.2K answer views. · Top answer: The answer for this question has always been obvious. Since so far there have been only ..."
Squid Game,https://www.quora.com/What-is-Squid-Game-and-why-do-people-love-it,"“Squid Game” is a Korean dystopian web series, in which a group of super rich people make poor people, who are sunk in debts, play childhood games to death. If ... · 1 vote: Some spoilers:

In short it’s a game show, where poor people are invited to participate, ..."
Squid Game,https://www.quora.com/How-did-the-Squid-Game-become-so-popular,The makers of Squid Game have done thier homework! They knew the best foreign language show on Netflix was Money Heist so they took 3 things from that show ...
Squid Game,https://www.quora.com/What-does-the-Squid-Game-ending-mean,"Squid Game is about capitalism. It is not a quirk that one character is from North Korea, and another character's entire backstory is that he was part of a ... · 1,931 votes: In order to understand the ending to Squid Game you have to keep one important incident in mind ..."
Squid Game,https://www.quora.com/Do-games-like-Squid-Game-actually-exist-in-real-life,"Squid Game is described as a type of game similar to Capture the Flag or Red Rover, where the opposing attack and defense teams play within a squid-shaped board ... · 4 votes: Yes , The crazy man Mr beast made it possible to exist in real life .

He insanely created ..."
Squid Game,https://www.quora.com/Why-is-it-called-Squid-Game-1,The name 'Squid Game' for the recent viral TV series 'Squid Game' comes from the classic Korean children game 'Squid game.' It's played on a field like ...
Squid Game,https://www.quora.com/Whats-your-opinion-about-the-new-series-on-Netflix-called-Squid-Game,"Squid Game focuses on a desperately indebted group of people in South Korea. They're first tricked into a deadly tournament of children's games, but then many ... · 723 votes: The central theme of the show is a very simple question: how far will you go for 45.6 ..."
Squid Game,https://www.quora.com/Who-is-your-favorite-character-in-squid-game,Ali Abdul ( player 199) has to be my favourite Squid Game character. This character have been portrayed by an Indian-Korean actor Anupam Tripathi.
Squid Game,https://www.quora.com/What-message-do-you-think-Squid-Game-tries-to-teach,In Squid Game one of the main characters is a defector from North Korea. When she speaks about her life she tells her partner that they attempted to flee ...
Squid Game,https://www.quora.com/Is-Squid-Game-overrated,"Yes, Squid game is over-rated and over-hyped. But at the same time, it is over-hated too. POSITIVE SIDE OF THE SHOW (Why it's over-HATED for wrong reasons) ... · 1 vote: Not overrated but overhyped. I personally like Squid Game at first, but then it got so viral, ..."
Squid Game,https://www.quora.com/Should-I-let-my-10-year-old-son-watch-Squid-Games,"Originally Answered: Should I let my 10-year-old son watch Squid Games? It's got some pretty brutal scenes. I mean, people being ... · 260 votes: Depends a lot on the kid. It’s a horrifying series built around an evil premise and ..."
Swiss Chocolate,https://budgettravelbuff.com/10-best-chocolates-in-switzerland/,
Swiss Chocolate,https://www.ashers.com/differences-belgian-swiss-chocolate/,
Swiss Chocolate,https://netivist.org/debate/best-chocolate-in-the-world,
Swiss Chocolate,https://en.wikipedia.org/wiki/Swiss_chocolate,
Swiss Chocolate,https://www.quora.com/What-is-the-best-Swiss-chocolate,"I am swiss and tried a lot of the chocolate that you can buy here. My personal favorite is the brand Lindt, from which I like the truffes, the pralines and ..."
Swiss Chocolate,https://www.quora.com/Why-is-Swiss-chocolate-famous-when-cacao-is-not-really-grown-there,"Keep in mind that there really is no such thing as Swiss chocolate. It is Swiss-made chocolate, as all chocolate made in Switzerland is created from imported ... · 28 votes: Modern chocolate was invented in Switzerland. Before the late XIX century chocolate was sold ..."
Swiss Chocolate,https://www.quora.com/Why-is-the-Swiss-chocolate-considered-the-best,"But a technique vital to make chocolate that melts on the tongue was actually invented here in Switzerland: conching, by Rodolphe Lindt, in Berne. That allowed ... · 4 votes: The Belgians will tell you that they are the makers of the world’s best chocolate! ..."
Swiss Chocolate,https://www.quora.com/Is-it-true-that-Swiss-chocolates-taste-so-much-better-than-other-chocolates,"Swiss chocolate is very often made with locally produced milk as Swiss chocolate was founded as a milk chocolate. Today, there is an increasing amount of dark ... · 1 vote: Comparing supermarket brands, yes. But among high-end chocolatiers, quality knows no borders. ..."
Swiss Chocolate,https://www.quora.com/Whats-the-difference-between-Swiss-chocolate-and-American-chocolate,
Swiss Chocolate,https://www.quora.com/Which-is-the-best-chocolate-between-the-Belgian-and-the-Swiss,"Swiss chocolate is very often made with locally produced milk as Swiss chocolate was founded as a milk chocolate. Today, there is an increasing amount of dark ... · Top answer: I’d venture into asserting that they are not the same thing! But take this answer with a ..."
Swiss Chocolate,https://www.quora.com/Why-is-Swiss-chocolate-so-good-and-famous,"Second, the melangeur was developed in Switzerland, which lead to a level of smooth, luxurious texture in their chocolate. However, that technol... · 1 vote: It’s not actually very good these days.

There are a couple reasons that it’s famous. ..."
Swiss Chocolate,https://www.quora.com/What-is-the-price-of-chocolates-in-Switzerland,Here is the cheapest milk-chocolate from MIGROS Supermarket - brand: Budget and it costs 50 Swiss cents for 100g… [1] Here is handmade chocolate of a ...
Swiss Chocolate,https://www.quora.com/What-makes-Swiss-and-Belgian-chocolates-so-different-and-special-than-any-other,"Swiss chocolate is required to use a limited number of ingredients. Basically, it's · And chocolate must contain at least 35% (dark) or 20% (milk chocolate) “dry ..."
Presidential Election,https://www.quora.com/What-is-the-U-S-presidential-election-process,"15 PRESIDENTIAL ELECTION IN USA President of United States is the elected head of state and head of government who goes on to lead the executive branch ... · 31 votes: 1. Donald Trump is 45th President of the US, George Washington was the first. Abraham Lincoln ..."
Presidential Election,https://www.quora.com/When-is-the-next-presidential-election-in-USA,"Nov. 3, 2020 is the general election for the president. The states vote on different allocated dates in the primaries to select their chose of candidate."
Presidential Election,https://www.quora.com/Who-will-win-the-2020-United-States-presidential-election,
Presidential Election,https://www.quora.com/Can-the-US-hold-a-special-presidential-election,"No, we cannot do that, under current law. There are three things that regulate the line of succession: the 25th Amendment to the US Constitution, ... · Top answer: Not if there are any people remaining in the line of succession as defined in the Constitution. ..."
Presidential Election,https://www.quora.com/What-should-we-know-before-a-presidential-election,"· 0 votes: Before you vote for any candidate in a presidential election or any election for that matter, ..."
Presidential Election,https://www.quora.com/Can-you-vote-for-yourself-in-the-Presidential-election,"Can a Presidential candidate vote for him or herself in an election? The answer to this question is yes. All candidates for president are (by law) naturally ... · 5 votes: Original Question: Can you vote for yourself in the Presidential election?

There are two ..."
Presidential Election,https://www.quora.com/Why-are-Presidential-elections-in-the-USA-every-4-years,"The Constitution sets up a delicate balance between the co-equal branches of government. The President is elected at four year intervals, the House of ... · 26 votes: Because the Constitution says so.

The Constitution sets up a delicate balance between the ..."
Presidential Election,https://www.quora.com/Which-states-are-most-important-to-win-a-presidential-election,"Every 4 years, the president is elected by the electoral college, where a state votes with all of its electors based on who wins the popular vote in the ..."
Presidential Election,https://www.quora.com/Why-is-winning-Ohio-so-important-in-the-presidential-election,
Presidential Election,https://www.quora.com/What-are-the-advantages-and-disadvantages-of-a-long-US-presidential-election-process,"When I was younger, the process wasn't quite as long as it is now, starting maybe a little over a year before the election. Nowadays, you have Trump filing for ... · 141 votes: A long process is inevitable. When I was younger, the process wasn’t quite as long as it ..."
Italian Restaurant,https://www.quora.com/What-is-the-best-Italian-restaurant-in-Lahore,"To find out which restaurants serve the best Italian dishes in Lahore, download Paitoo from www.paitoo.com.pk and see all the reviews of different dishes."
Italian Restaurant,https://www.quora.com/What-is-something-you-will-find-in-every-Italian-Restaurant,Bread. Pasta - the type of pasta dish depends where you are in Italy. Second courses - meat or fish - the type of dish depends on the type of restaurant or ...
Italian Restaurant,https://www.quora.com/What-is-good-to-order-at-an-Italian-restaurant,"In the United States, I can't think of an Italian restaurant that does not serve spaghetti with marinara sauce, with or without meatballs. · 7 votes: If you know the restaurant is a good one - rave reviews from people you trust - go for a veal ..."
Italian Restaurant,https://www.quora.com/What-are-the-signs-of-a-great-Italian-restaurant,"Great as in Authentic? Pasta and meatballs (polpetto) are served separately as is done in Italy, never on the same plate. No garlic bread, no chicken parm ... · 5 votes: 1. It’s in Italy, or operated by someone from Italy (not just a third-generation descendant ..."
Italian Restaurant,https://www.quora.com/Is-it-healthy-to-eat-at-an-Italian-restaurant,"American Italian restaurants have stupidly big portions and are loaded with sugar,carbs,and a ton of calories which aren't healthy at all,whereas ... · 9 votes: Yes,so long as it’s a traditional Italian restaurant with actual Italian food and Italian ..."
Italian Restaurant,https://www.quora.com/What-can-you-eat-in-an-Italian-restaurant,"I have an Italian restaurant located in the NW of the USA. I am originally from central Italy and many of the dishes that I have are original to center. · 1 vote: This is a very complex question to answer. Italy is really rich of culture, has been conquered ..."
Italian Restaurant,https://www.quora.com/Which-ones-are-the-most-interesting-Italian-restaurants-and-why,Momofuku's Nishi. It has been closed for some time now but it was an Italian restaurant that made dishes using staple Korean ingredients.
Italian Restaurant,https://www.quora.com/What-is-the-best-Italian-restaurant-in-Chennai,"Basil with a Twist · Piccante Pizzeria & Bar · Little Italy Restuarant, Nugambakkam · Pedreno's Global Fusion Restaurant · Azzuri Bay · Cream centre · Nolita · Fusilli ... · 1 vote: 1. Basil with a Twist
2. Piccante Pizzeria & Bar
3. Little Italy Restuarant, Nugambakkam ..."
Italian Restaurant,https://www.quora.com/How-are-Italian-restaurants-in-the-U-S-different-from-restaurants-in-Italy,A cheap italian restaurant or one in a place like “little Italy” in New York serves something that is almost uneatable for Italians. · 3 votes: Yet another difference (but this is a difference between American and Italian restaurants ...
Ichika Nito,https://www.quora.com/How-can-I-learn-to-play-guitar-like-Kazuki-Isogai-and-Ichika-Nito-on-YouTube-they-both-sound-amazing-and-I-love-the-way-they-play-don-t-know-genre,·
Ichika Nito,https://www.quora.com/How-can-I-be-a-guitar-pro-at-home,"You have people like Tim Henson, Ichika Nito who play very differently and you also have players, who are primarily “home players”, gaining their popularity ... · Top answer: Will keep it simple and organized here :

Must to dos :
1. Sequential lessons(YouTube, dedicated ..."
Ichika Nito,https://youtube.fandom.com/wiki/Ichika_Nito,
Ichika Nito,https://www.guitarworld.com/news/watch-ichika-nito-play-a-jaw-dropping-guitar-solo-using-only-one-string,
Ichika Nito,https://theconversation.com/we-crunched-the-numbers-on-ten-recent-worlds-best-guitarist-lists-where-are-the-women-111598,
Ichika Nito,https://www.youtube.com/watch?v=XtAjsOlClD8,
Ichika Nito,https://www.quora.com/Are-HH-guitars-good-for-ichika-type-of-music-I-want-to-play-like-him-and-make-songs-using-the-guitar-I-play-rock-and-metal-too-so-it-wont-go-to-waste-if-it-doesnt-go-well,"It's just that if you are good enough, that is, close to ichika nito, then you yourself can judge which guitar is good for what you want to do. · 1 vote: That's not a question of the guitar or its quality. As far as that goes, you're ..."
Ichika Nito,https://www.quora.com/Who-are-the-worlds-five-best-guitarists-and-why,Ichika nito. He's really good at everything. He doesn't make too many full length songs but his clips he uploads on youtube are bonkers. · 117 votes: There's already a really good list of people here but one that's missing so far ...
Ichika Nito,https://www.quora.com/What-guitar-should-I-buy-Squier-Bullet-Telecaster-Squier-Bullet-Stratocaster-or-Squier-Bullet-Mustang-Can-someone-help-me-understand-the-difference-in-tone-between-the-three-Im-interested-in-a-very-clean-tone?top_ans=265851675,"If you want a tone closest to Ichika Nito, then get the Stratocaster, as it is the configuration closest to his Ibanez Talman and Signature guitar, ... · Top answer: The Squier Bullets are pretty much the bottom of the barrel for Squiers. But having said ..."
Ichika Nito,https://seaoftranquility.quora.com/Ichika,Some brilliant guitar playing from Japan's Ichika Nito. This is the entirety of his EP Forn. Inversion. Flowers. A Bell is Not a Bell. Resolution.
Ichika Nito,https://www.quora.com/profile/Dancc-Memz-Dancc,I have some less well known guitarists on my list. 5. Ichika nito. He's really good at everything. He doesn't make too many full length songs but his clips ...
Ichika Nito,https://www.quora.com/profile/Jo%C3%A3o-Ramos-27,"The first is from Ichika nito, the other one I don't quite remember if I got from another song or artist or just made it myself: D A Db Gb Db D Eb G C G Bb ..."
Ichika Nito,https://www.quora.com/profile/Jesse-Istre-1,"Tosin abasi, Plini, Tim Henson, Nick Johnson, Angel Vivaldi, Ichika Nito, Sarah Longfield, many more. Whether you like this type of music or not, ..."
Fashion 2022,https://www.quora.com/What-are-the-top-fashion-trends-for-Spring-2022,"This next Spring Fashion Season will be all about creating a sense of freedom and having fun. As we head into Spring, we will see a lot of gorgeous colors, ..."
Fashion 2022,https://www.quora.com/What-are-the-fashion-trends-in-2022,It's hard to decide the trends of 2022 from now as fashion trends are changing almost every day. You can see something new every day. The clothes we wear ... · 2 votes: Haha maybe the mask fashion will continue… to integrate mask designs to other part of the ...
Fashion 2022,https://www.quora.com/How-do-I-find-some-fashion-trends-and-suggestions-for-2022-online,"There are many ways to fins the latest fashion trends! One of my favorite ways is to go on pinterest and find some blogs or suggestions there. · 1 vote: Finding the fashionable trends does not seem to be that daunting. It is quite simple, as ..."
Fashion 2022,https://www.quora.com/What-will-the-clothing-fashion-trends-be-like-in-2021-2022,"Parts Inspired by Corsets. Bridgerton has taken over everything, including fashion. If cottagecore was the year of 2020, the royal core is the year of 2021: ..."
Fashion 2022,https://www.quora.com/How-do-I-forecast-fashion-trends-in-2022,trend forecasting is a hobby of mine as I'm such a fashion lover and I need to predict for my market trends! I have a 5 year BFA in fashion yet I'm still ... · 0 votes: Well I admire your ambition I don’t think it’s something your equipped to do! Dispute the ...
Fashion 2022,https://www.quora.com/What-is-the-scope-in-fashion-designing-in-2022,"Hi there, Oh my God, fashion is a huge bubbling industry. Look everywhere, you will only find people looking to enhance their style, and fashion seems to be ..."
Fashion 2022,https://www.quora.com/What-is-the-best-fashion-trend-in-boys-today,"So, according to me, the best fashion trend for boys today are: Wear honesty,; Be decent, ... B.TECH from K. J. Somaiya College of Engineering (2022). · 4 votes: Trend is something that is going to constantly even before you manage to cope up with it. ..."
Fashion 2022,https://www.purewow.com/fashion/2022-fashion-trend-predictions,
Fashion 2022,https://www.thetrendspotter.net/fashion-trends-spring-summer-2021/,
Fashion 2022,https://www.masterclass.com/articles/fashion-trend-forecasting-guide,
Fashion 2022,https://brunettefromwallstreet.com/clothes-out-of-style/,
Fashion 2022,https://www.quora.com/Are-scarves-out-of-style-in-2022,"They are the real boom of 2022 fashion. ... Scarf trends 2022 include interesting and bold colors such as bright yellow, green, orange and burgundy. · Top answer: Scarves are a timeless accessory that can elevate any look. They are the real boom ..."
Fashion 2022,https://www.quora.com/How-can-one-predict-fashion-trends-years-in-advance,I was a fashion forecaster in the 80s and 90s though I'm not sure this still ... and matching mask clothing for well into 2021 if not 2022 and beyond. · 23 votes: Fashion trends are the popular styles of clothing and accessories at a particular moment ...
Ibanez Series S,https://www.quora.com/Which-is-better-on-a-budget-the-Ibanez-RG-or-S-SA,"Both models offer budget-freindly instruments, though the S/SA series are mahogany, while the RG's are basswood. If you like slashing metal tones in the ..."
Ibanez Series S,https://www.quora.com/How-thick-is-the-body-on-a-newer-Ibanez-S-select-electric-guitar-Are-there-templates-available-anywhere,"And swan7 maven series guitars are perfect for beginners who want to explore music. It is a trendy series designed for young musicians. Continue with Quora+. · 1 vote: I am assuming you want to make a copy, right?

Although it shows a stunning lack of creativity ..."
Ibanez Series S,https://ibanez.fandom.com/wiki/S_series,
Ibanez Series S,https://www.amazon.com/Ibanez-GRG121DX-Electric-Guitar-Black/product-reviews/B008LV01P4,
Ibanez Series S,https://ibanez.fandom.com/wiki/SA_series,
Ibanez Series S,https://www.guitarlobby.com/best-ibanez-guitars/,
Ibanez Series S,https://www.quora.com/What-is-the-recommended-string-gauge-for-the-Ibanez-SA-Series-Electric-Guitar,"Hendrix used .009`s with an average string height. But he would play what ... At the other end of the spectrum, Ibanez J custom series costs $3000 each. · Top answer: Basically it just boils down to what you prefer. If you want easy to play and bend strings ..."
Ibanez Series S,https://www.quora.com/What-is-with-the-Ibanez-alpha-numeric-soup-designations-for-their-guitars,"For solid body guitars, it works like this: First letter: Body shape. S, RG, and so on. First one or two digits: Series, with a higher number usually ..."
Ibanez Series S,https://www.quora.com/Is-this-electric-guitar-good-Ibanez-RG350EX,"I have had a few Ibanez's over the years and still have an RG series albeit a ... The S models are good for playability as well, and they're extremely light ... · 5 votes: If I was to answer strictly on specs/price point and reputation, I would say it's definitely ..."
Ibanez Series S,https://www.quora.com/How-can-you-tell-if-an-Ibanez-guitar-is-fake,"And swan7 maven series guitars are perfect for beginners who want to explore music. It is a trendy series designed for young musicians. Continue with Quora+. · Top answer: Similar to other fake or customized guitars, you can tell if an ibanez guitar that you ..."
Ibanez Series S,https://www.quora.com/What-are-the-best-Ibanez-electric-guitars,"Just recently got myself an S521, which is part of their s series (slim model). Guitar weighs a fraction of my other ones and sounds amazing, ... · 1 vote: I have owned an AS100 since 1981 (purchased brand new). This is the “lawsuit era"" ES 335 ..."
Ibanez Series S,https://www.quora.com/Are-Ibanez-guitars-only-for-metal,"... their most recognizable line of guitars. Ibanez makes many guitars for all types of music. Bradley Nowell played an S series in Sublime, Paul Stanley p... · 4 votes: No.

The Ibanez/Metal myth is based on the high number of Metal shredders that prefer thin necks ..."
Ibanez Series S,https://www.quora.com/Whats-your-review-of-the-Ibanez-GIO-series,"Well to be honest, the Ibanez GIO series is meh. There are much better series than the GIO in the Ibanez guitar line. ... It s good for all!!! · Top answer: Basically Ibaneze is a brand made for Metal type of playing.
This GIO series has Double ..."
Tricking,https://www.quora.com/How-is-free-running-and-tricking-different,"Tricking is a discipline of doing tricks on a flat surface and do as many as possible. That could be the “goal” of tricking. I uses quotation marks, because the ... · 1 vote: The biggest difference is that Tricking is performed on flat ground such as grass, while freerunning ..."
Tricking,https://www.youtube.com/watch?v=Q3vj85FpUCg,
Tricking,https://www.firestormgalaxy.com/classes/Martial-Arts-Tricking,
Tricking,https://www.redbull.com/int-en/difference-between-freerunning-and-parkour,
Tricking,https://www.youtube.com/watch?v=yYgLDAhSyfE,
Tricking,https://www.quora.com/Can-martial-art-tricking-be-used-in-an-actual-fight,"· Top answer: Fights are wild and wooly things, and it’s hard to say in absolute terms that any skill set ..."
Tricking,https://www.quora.com/Is-tricking-better-than-taekwondo,"Tricking and Taekwondo are two different things. it's like asking “is soccer better than running?” Traditional Taekwon-Do, the martial art, ... · Top answer: Depends on what your objective happens to be at any moment.

If your objective is to have fun, ..."
Tricking,https://www.quora.com/What-is-the-difference-between-a-lie-and-a-trick-e-g-I-was-just-tricking-you,"Not a lot! I discovered some years ago that a family member was telling me lies (in his opinion, tricking me) just so that he could laugh ... · Top answer: A lie is a statement that s designed to misrepresent the truth for whatever reason. A trick ..."
Tricking,https://www.quora.com/Is-martial-arts-tricking-bad-for-the-knees,"Well, let me ask you this: How many older people - in their 40's and 50's and beyond - do you see doing martial art styles that require tricking?"
Tricking,https://www.quora.com/Whats-the-best-way-to-practise-parkour-tricking-without-a-gymnastics-hall,
Tricking,https://www.quora.com/Should-I-combine-Martial-Arts-Tricking-and-Muay-Thai,"· 1 vote: Martial arts tricking. Sigh. Lots of energy, zero effect. Look, I'm not one to down anything, ..."
Tricking,https://www.quora.com/What-are-the-repercussions-of-a-woman-tricking-a-man-to-have-a-baby,
Tricking,https://www.quora.com/What-is-the-difference-between-fooling-and-tricking-someone,
Tricking,https://www.quora.com/What-are-the-tricks-not-to-get-tricked-by-the-people,But we are tricked due to OUR FEARS and end up buying a really bad product. Stock market sharks play upon our greed and lure us in to contracts. · Top answer: In reality it is not the people who trick us but our own greed and imaginary fears. If you ...
Calisthenic Switzerland,https://www.quora.com/profile/Martin-Bl%C3%A4ttler,"My name's Martin and I'm a fitness enthusiast from Switzerland. My passion for fitness ist endless. Over the last 10 years, I've been active in calisthenics ..."
Calisthenic Switzerland,https://www.quora.com/How-does-a-4-to-5-hours-sleep-after-a-workout-affect-muscle-growth,"Bryan Timothy Hall. , Fitness Fanatic, Calisthenics Expert ... Romain Barbey. , I've been living in Switzerland for 26+ years. · Top answer: For most people, not very well. You grow when you sleep, and the average adult already needs ..."
Calisthenic Switzerland,https://www.quora.com/The-most-trending-videos-in-Switzerland-on-YouTube-are-in-Russian-Why-is-it-like-that,Missing: Calisthenic Calisthenic
Calisthenic Switzerland,https://www.quora.com/Where-did-the-idea-that-abs-don-t-need-recovery-time-unlike-other-muscles-originate,"... Science Embedded Systems, University of Applied Sciences Western Switzerland ... Callisthenics is easy and free (or generally cheap) and still has some ... · 30 votes: I have no idea where this idea came from but from personal experience I can tell you that ..."
Calisthenic Switzerland,https://www.quora.com/How-can-I-get-fat-and-be-bigger-and-stronger,"Silvestre Woon. , Calisthenics, Weight Training ... Related Answer. Profile photo for Satyam Garg. Satyam Garg. , UP wala, living in Switzerland. · 0 votes: Being fat and being strong are not directly correlated.

I don't know why you think it is. ..."
Calisthenic Switzerland,https://www.quora.com/profile/Margaux-Brissiaud,"Lives in Switzerland2018–present ... dancing is: gymnastics, contorsion (even yoga), Calisthenics, and aerial silks (the list could go on, but I will s…"
Calisthenic Switzerland,https://www.quora.com/How-can-I-get-fit-gain-strength-and-grow-bigger,"UP wala, living in Switzerland. Answered 6 years ago. Yes, of course it is possible for you to achieve this. Let me tell you that our body is a lot stronger ... · 1 vote: Building muscle is a fairly a slow process and there are some factors in how fast you can build ..."
Calisthenic Switzerland,https://www.quora.com/What-is-the-explanation-for-people-who-claim-to-lose-weight-after-moving-to-Europe,"I lived a dream and backpacked around Switzerland with my wife in 2019… and basically consumed an enormous amount of cheese on bread and potatoes, ..."
Calisthenic Switzerland,https://www.quora.com/Should-I-lose-belly-fat-before-building-muscle,"Anouk Zweifel. , secondary school student in Switzerland (grad. in 2022) ... Rohit Dogra. , Powerlifting weightlifting calisthenics workouts I teach. · 158 votes: Fat-loss and muscle-building are sort of like the chicken and the egg of healthy body recomposition. ..."
Blizzard Lawsuit,https://www.quora.com/How-did-Valve-get-away-with-stealing-intellectual-property-from-Blizzard-when-they-made-Dota-2,"Meanwhile, Valve offered Icefrog to make Dota a separate game and he accepted. Blizzard sued Valve (of course). After long legal battle, Dota and all other ... · 19 votes: Back in the days when DOTA is only a fan made map in Frozen Throne, made by Eul, Guinsoo and ..."
Blizzard Lawsuit,https://www.quora.com/Is-the-current-lawsuit-enough-to-shutdown-Activision-Blizzard-If-so-what-happens-to-their-IPs-They-are-some-of-the-biggest-in-the-world-including-StarCraft-and-Call-of-Duty,"Is the current lawsuit enough to shutdown Activision/Blizzard? If so, what happens to their IPs? They are some of the biggest in the world, including StarCraft ... · 2 votes: They current lawsuit is by no means enough to shut down their company it’ll cost them abit ..."
Blizzard Lawsuit,https://www.quora.com/Why-hasnt-Wizards-of-the-Coast-sued-Blizzard-Entertainment,"I'm not sure how WotC could sue Blizzard, just because Blizzard made a 'card' game similar to their's. They certainly didn't do it to the creators of ..."
Blizzard Lawsuit,https://metagame.quora.com/Everything-That-Has-Happened-Since-The-Activision-Blizzard-Lawsuit-Was-Filed,"The roundup for Blizzard news since the lawsuit, chronologically ... World of Warcraft, Call of Duty, and Overwatch are being sued over sexual harassment."
Blizzard Lawsuit,https://www.quora.com/Why-is-it-useless-to-sue-Blizzard,"Originally Answered: Why it is no use to make lawsuit with Blizzard? Primarily because Blizzard has no affirmative duty under the law to ""secure"" your digital ..."
Blizzard Lawsuit,https://metagame.quora.com/Activision-Blizzard-sued-by-California-over-alleged-culture-of-sexual-harassment-and-discrimination,"Well, that's not going to help retain more talent from fleeing to start their own studios. Activision Blizzard sued by California over alleged culture of ..."
Blizzard Lawsuit,https://www.quora.com/Could-I-file-a-lawsuit-against-the-gaming-company-Blizzard-for-a-bug-that-causes-you-to-not-receive-the-promised-score-points-in-a-game-caused-by-the-company%E2%80%99s-recent-update,
Blizzard Lawsuit,https://www.quora.com/Why-didnt-Blizzard-or-the-company-who-made-Dota-sue-Riots-for-copying-the-game,"Meanwhile, Valve offered Icefrog to make Dota a separate game and he accepted. Blizzard sued Valve (of course). After long legal battle, Dota and all other ... · 6 votes: Because neither Riot, Valve, nor Blizzard actually created the MOBA genre. History ..."
Blizzard Lawsuit,https://www.quora.com/How-did-Blizzard-manage-to-get-away-with-ripping-off-Warhammer-40k-in-such-an-obvious-manner-when-it-made-starcraft,"Blizzard didn't rip off 40K, Blizzard ripped off Starship Troopers, the same story that 40K ripped off, since it started with the space marines, ... · 31 votes: The simple answer is, they didn’t rip them off. I actually researched this on my own far ..."
Blizzard Lawsuit,https://www.quora.com/What-is-the-reason-for-Blizzard-not-suing-WOW-private-servers,"There might be two reasons: 1) Blizzard cant sue them all of them, as many of the servers are a mod of TrinityCore MMoRPG Framework Info 2) Playing on ..."
Audi A3 Price,https://www.quora.com/What-is-the-net-price-of-Audi-A3-in-your-country,"In the US the A3 starts at 31k, with a 186hp 2.0t gas engine (Neither Audi nor VW are selling diesels in the US right now since they were naughty boys). · 1 vote: Second hand:

S$153,000 = US$107,000.

Price $153,999 [ http://www.sgcarmart.com/used_cars/info_fina ..."
Audi A3 Price,https://www.quora.com/How-costly-is-the-maintenance-and-servicing-of-the-Audi-A3-in-India,"But I know a person who has the Audi Q3 and he said it costs around 1–1.5lakh for the service. I hope you got some idea how much A3 would cost now. · 9 votes: Audi has announced a limited period ""Comprehensive Service Plan"" for its A3 and A6 models. ..."
Audi A3 Price,https://www.quora.com/What-are-the-best-features-of-the-Audi-A3,Audi's A3 has a fantastic interior ( thank vw's parts bin) and depending on year and trim a killer 5 cylinder engine that makes it worth whatever price they ...
Audi A3 Price,https://www.quora.com/Is-the-Audi-A3-a-good-reliable-car,"So you should ask yourself: is the additional cost of the A3 over the VW Golf worth it? It has the same engine (perhaps tuned slightly differently). · 10 votes: Almost one month ago, I bought a CPO 2016 A3 1.8T. I checked CarComplaints.com | Car Problems, ..."
Audi A3 Price,https://www.quora.com/Is-the-Audi-A3-a-luxury-car,"But I might say that Audi A3 is not a luxury car, but a pr. ... while A3 is the luxury version of Golf by price tag, other than that nothing seems luxurious ... · 98 votes: Luxury car is a car that resemblances top-class quality, prestigious, high status, and of ..."
Audi A3 Price,https://www.quora.com/What-is-a-better-investment-an-Audi-A3-with-the-lowest-standard-package-or-a-fully-loaded-Honda-Civic,Relatively low cost vehicle. It is relatively low cost as a personal vehicle. · No headache dealer provided maintenance. Some people like myself just don't want ... · 32 votes: Unless you are absolutely certain that your car will gain a rarity status and you'll be able ...
Audi A3 Price,https://www.quora.com/Is-the-Audi-A3-the-most-reliable-sedan-from-Audi,"Almost all cars are reliable if you grease enough time, love and money into them. For most people, the question is the balance of reliability and cost ... · 1 vote: If you're looking for reliable it's probably better to look elsewhere.

However, if you really ..."
Audi A3 Price,https://www.quora.com/Which-one-is-a-better-choice-Audi-A3-BMW-X1-or-Audi-Q3,"A3 = compact car · Q3 = Suv (compact / micro) · Please understand that if you're looking for a Brand and working with a price in mind then this approach will get ... · Top answer: I’d say the BMW, or a Benz.

Audi looks the business but breaks down. A lot. My 2014 ..."
Audi A3 Price,https://www.quora.com/Camry-XLE-is-a-few-thousand-cheaper-than-the-Audi-A3-base-model-Which-one-would-you-choose-and-why,"they arent quite the same kind of car… the A3 is more comparable to a ... Well, the Audi R8 is basically a Huracan for half the price, so there's that, ..."
Pepe the frog,https://www.quora.com/Is-Pepe-the-Frog-racist,"No….Pepe is a picture, he's used in memes…while some pictures can be drawn to be racist such as exaggerated ethic stereotypes…Pepe doesn't have those."
Pepe the frog,https://www.quora.com/Why-is-Pepe-the-Frog-considered-a-hate-symbol-by-some-since-he-has-been-around-for-much-longer-than-the-Alt-Right,"Pepe, went from being a feelings frog, where he would describe one's feeling in picture form, be they anger, happiness, misery or suicidal thoughts to being ..."
Pepe the frog,https://www.quora.com/Why-did-Pepe-the-Frog-become-an-alt-right-white-supremacist-hate-symbol,"The character Pepe first appeared in 2005 in the on-line cartoon Boy's Club. Internet users appropriated the character and turned him into a meme, ..."
Pepe the frog,https://www.quora.com/How-did-Pepe-come-to-be,Pepe has a long story that evolved as it went. He was originally a cartoon frog in a children's comic book called “boys club” The comic was about 4 ...
Pepe the frog,https://www.quora.com/How-did-Pepe-the-frog-become-associated-with-white-nationalism-and-the-alt-right-movement,First for those who don't know I want to clarify the origins of Pepe. Pepe is a character in an obscure comic started in 2005 by author Matt Furie called ...
Pepe the frog,https://www.quora.com/Why-is-Pepe-the-frog-in-a-clown-suit-associated-with-white-supremacy-and-the-alt-right,"Pepe the frog is a maligned symbol of those who see the current state of affairs worthy of a frog meme. To say he is alt right, or Nazi is like saying that ..."
Pepe the frog,https://www.quora.com/How-can-a-frog-be-a-symbol-of-hatred,"Plenty of people still use the same pattern for other, totally unrelated symbolic meanings. So. Why the frog? Pepe was a good boy. He's a vintage meme from ..."
Pepe the frog,https://www.quora.com/Why-is-Pepe-a-meme-for-racism-white-supremacy,
Pepe the frog,https://www.quora.com/Why-are-some-of-the-Hong-Kong-protesters-using-images-of-Pepe-the-Frog-from-4chan,
Pepe the frog,https://www.quora.com/Why-is-Pepe-sad,"Pepe had quite the night last night. He was a bit worse for wear but decided to try his luck with the girls, he found that women who carry a little extra ..."
